"filename", "language", "JSON", "XML", "PHP", "JavaScript", "CSS", "Markdown", "comment", "blank", "total"
"c:\Users\Usuario\Desktop\tcc-schengenrs\back-end_tcc_schengers-api\README.md", "Markdown", 0, 0, 0, 0, 0, 39, 0, 21, 60
"c:\Users\Usuario\Desktop\tcc-schengenrs\back-end_tcc_schengers-api\app\Http\Controllers\Api\Admin\DataStudents.php", "PHP", 0, 0, 22, 0, 0, 0, 0, 7, 29
"c:\Users\Usuario\Desktop\tcc-schengenrs\back-end_tcc_schengers-api\app\Http\Controllers\Api\Admin\DataTeachers.php", "PHP", 0, 0, 60, 0, 0, 0, 1, 13, 74
"c:\Users\Usuario\Desktop\tcc-schengenrs\back-end_tcc_schengers-api\app\Http\Controllers\Api\Area\AreasController.php", "PHP", 0, 0, 42, 0, 0, 0, 16, 12, 70
"c:\Users\Usuario\Desktop\tcc-schengenrs\back-end_tcc_schengers-api\app\Http\Controllers\Api\Auth\DataUserController.php", "PHP", 0, 0, 10, 0, 0, 0, 0, 4, 14
"c:\Users\Usuario\Desktop\tcc-schengenrs\back-end_tcc_schengers-api\app\Http\Controllers\Api\Auth\ForgotPasswordController.php", "PHP", 0, 0, 75, 0, 0, 0, 0, 21, 96
"c:\Users\Usuario\Desktop\tcc-schengenrs\back-end_tcc_schengers-api\app\Http\Controllers\Api\Auth\LoginAdminController.php", "PHP", 0, 0, 39, 0, 0, 0, 2, 13, 54
"c:\Users\Usuario\Desktop\tcc-schengenrs\back-end_tcc_schengers-api\app\Http\Controllers\Api\Auth\LoginStudentController.php", "PHP", 0, 0, 26, 0, 0, 0, 1, 12, 39
"c:\Users\Usuario\Desktop\tcc-schengenrs\back-end_tcc_schengers-api\app\Http\Controllers\Api\Auth\LoginTeacherAuthorizedController.php", "PHP", 0, 0, 38, 0, 0, 0, 2, 12, 52
"c:\Users\Usuario\Desktop\tcc-schengenrs\back-end_tcc_schengers-api\app\Http\Controllers\Api\Auth\LoginTeacherController.php", "PHP", 0, 0, 25, 0, 0, 0, 1, 9, 35
"c:\Users\Usuario\Desktop\tcc-schengenrs\back-end_tcc_schengers-api\app\Http\Controllers\Api\Auth\LogoutController.php", "PHP", 0, 0, 21, 0, 0, 0, 3, 8, 32
"c:\Users\Usuario\Desktop\tcc-schengenrs\back-end_tcc_schengers-api\app\Http\Controllers\Api\Auth\RegisterAdminController.php", "PHP", 0, 0, 34, 0, 0, 0, 1, 9, 44
"c:\Users\Usuario\Desktop\tcc-schengenrs\back-end_tcc_schengers-api\app\Http\Controllers\Api\Auth\RegisterStudentController.php", "PHP", 0, 0, 32, 0, 0, 0, 0, 10, 42
"c:\Users\Usuario\Desktop\tcc-schengenrs\back-end_tcc_schengers-api\app\Http\Controllers\Api\Auth\RegisterTeacherController.php", "PHP", 0, 0, 40, 0, 0, 0, 1, 14, 55
"c:\Users\Usuario\Desktop\tcc-schengenrs\back-end_tcc_schengers-api\app\Http\Controllers\Api\Auth\UserEditData.php", "PHP", 0, 0, 40, 0, 0, 0, 4, 14, 58
"c:\Users\Usuario\Desktop\tcc-schengenrs\back-end_tcc_schengers-api\app\Http\Controllers\Api\Course\ActivityCourse\ActivityCourseController.php", "PHP", 0, 0, 135, 0, 0, 0, 1, 36, 172
"c:\Users\Usuario\Desktop\tcc-schengenrs\back-end_tcc_schengers-api\app\Http\Controllers\Api\Course\ActivityCourse\AnswersCourseController.php", "PHP", 0, 0, 40, 0, 0, 0, 1, 12, 53
"c:\Users\Usuario\Desktop\tcc-schengenrs\back-end_tcc_schengers-api\app\Http\Controllers\Api\Course\ClassCourse\ClassCourseController.php", "PHP", 0, 0, 120, 0, 0, 0, 12, 24, 156
"c:\Users\Usuario\Desktop\tcc-schengenrs\back-end_tcc_schengers-api\app\Http\Controllers\Api\Course\CourseController.php", "PHP", 0, 0, 147, 0, 0, 0, 15, 41, 203
"c:\Users\Usuario\Desktop\tcc-schengenrs\back-end_tcc_schengers-api\app\Http\Controllers\Api\Email\SendEmailController.php", "PHP", 0, 0, 6, 0, 0, 0, 1, 6, 13
"c:\Users\Usuario\Desktop\tcc-schengenrs\back-end_tcc_schengers-api\app\Http\Controllers\Api\Enrollment\EnrollmentController.php", "PHP", 0, 0, 29, 0, 0, 0, 1, 11, 41
"c:\Users\Usuario\Desktop\tcc-schengenrs\back-end_tcc_schengers-api\app\Http\Controllers\Api\StudyPlan\StudyPlanController.php", "PHP", 0, 0, 56, 0, 0, 0, 1, 12, 69
"c:\Users\Usuario\Desktop\tcc-schengenrs\back-end_tcc_schengers-api\app\Http\Controllers\Api\Teacher\ActionCurriculumController.php", "PHP", 0, 0, 42, 0, 0, 0, 2, 19, 63
"c:\Users\Usuario\Desktop\tcc-schengenrs\back-end_tcc_schengers-api\app\Http\Controllers\Api\Teacher\CurriculumController.php", "PHP", 0, 0, 63, 0, 0, 0, 18, 19, 100
"c:\Users\Usuario\Desktop\tcc-schengenrs\back-end_tcc_schengers-api\app\Http\Controllers\Api\Teacher\DashboardTeacherController.php", "PHP", 0, 0, 30, 0, 0, 0, 1, 10, 41
"c:\Users\Usuario\Desktop\tcc-schengenrs\back-end_tcc_schengers-api\app\Http\Controllers\Api\Vacancy\VacancyController.php", "PHP", 0, 0, 121, 0, 0, 0, 12, 37, 170
"c:\Users\Usuario\Desktop\tcc-schengenrs\back-end_tcc_schengers-api\app\Http\Controllers\Controller.php", "PHP", 0, 0, 5, 0, 0, 0, 1, 3, 9
"c:\Users\Usuario\Desktop\tcc-schengenrs\back-end_tcc_schengers-api\app\Http\Middleware\AttachBearerTokenFromCookie.php", "PHP", 0, 0, 21, 0, 0, 0, 5, 5, 31
"c:\Users\Usuario\Desktop\tcc-schengenrs\back-end_tcc_schengers-api\app\Http\Middleware\RoleMiddleware.php", "PHP", 0, 0, 18, 0, 0, 0, 5, 8, 31
"c:\Users\Usuario\Desktop\tcc-schengenrs\back-end_tcc_schengers-api\app\Http\Requests\ActivityCourseRequest.php", "PHP", 0, 0, 45, 0, 0, 0, 8, 11, 64
"c:\Users\Usuario\Desktop\tcc-schengenrs\back-end_tcc_schengers-api\app\Http\Requests\AreaRequest.php", "PHP", 0, 0, 16, 0, 0, 0, 8, 5, 29
"c:\Users\Usuario\Desktop\tcc-schengenrs\back-end_tcc_schengers-api\app\Http\Requests\ClassCourseRequest.php", "PHP", 0, 0, 20, 0, 0, 0, 8, 5, 33
"c:\Users\Usuario\Desktop\tcc-schengenrs\back-end_tcc_schengers-api\app\Http\Requests\CourseRequest.php", "PHP", 0, 0, 43, 0, 0, 0, 8, 11, 62
"c:\Users\Usuario\Desktop\tcc-schengenrs\back-end_tcc_schengers-api\app\Http\Requests\CurriculumRequest.php", "PHP", 0, 0, 39, 0, 0, 0, 0, 12, 51
"c:\Users\Usuario\Desktop\tcc-schengenrs\back-end_tcc_schengers-api\app\Http\Requests\EditPassword.php", "PHP", 0, 0, 26, 0, 0, 0, 8, 6, 40
"c:\Users\Usuario\Desktop\tcc-schengenrs\back-end_tcc_schengers-api\app\Http\Requests\LoginRequest.php", "PHP", 0, 0, 17, 0, 0, 0, 8, 5, 30
"c:\Users\Usuario\Desktop\tcc-schengenrs\back-end_tcc_schengers-api\app\Http\Requests\RegisterStudentRequest.php", "PHP", 0, 0, 20, 0, 0, 0, 8, 6, 34
"c:\Users\Usuario\Desktop\tcc-schengenrs\back-end_tcc_schengers-api\app\Http\Requests\RegisterTeacherRequest.php", "PHP", 0, 0, 20, 0, 0, 0, 8, 5, 33
"c:\Users\Usuario\Desktop\tcc-schengenrs\back-end_tcc_schengers-api\app\Http\Requests\VacancyRequest.php", "PHP", 0, 0, 22, 0, 0, 0, 9, 5, 36
"c:\Users\Usuario\Desktop\tcc-schengenrs\back-end_tcc_schengers-api\app\Http\Resources\ContentCourseResource.php", "PHP", 0, 0, 54, 0, 0, 0, 1, 9, 64
"c:\Users\Usuario\Desktop\tcc-schengenrs\back-end_tcc_schengers-api\app\Http\Resources\CurriculumResource.php", "PHP", 0, 0, 35, 0, 0, 0, 0, 9, 44
"c:\Users\Usuario\Desktop\tcc-schengenrs\back-end_tcc_schengers-api\app\Http\Resources\ResourceCourses.php", "PHP", 0, 0, 27, 0, 0, 0, 0, 8, 35
"c:\Users\Usuario\Desktop\tcc-schengenrs\back-end_tcc_schengers-api\app\Http\Resources\ResourceCoursesShow.php", "PHP", 0, 0, 26, 0, 0, 0, 5, 7, 38
"c:\Users\Usuario\Desktop\tcc-schengenrs\back-end_tcc_schengers-api\app\Http\Resources\StudentResource.php", "PHP", 0, 0, 16, 0, 0, 0, 0, 4, 20
"c:\Users\Usuario\Desktop\tcc-schengenrs\back-end_tcc_schengers-api\app\Http\Resources\TeacherResource.php", "PHP", 0, 0, 16, 0, 0, 0, 5, 4, 25
"c:\Users\Usuario\Desktop\tcc-schengenrs\back-end_tcc_schengers-api\app\Http\Resources\UserResource.php", "PHP", 0, 0, 18, 0, 0, 0, 0, 5, 23
"c:\Users\Usuario\Desktop\tcc-schengenrs\back-end_tcc_schengers-api\app\Http\Resources\VacancyResource.php", "PHP", 0, 0, 25, 0, 0, 0, 5, 9, 39
"c:\Users\Usuario\Desktop\tcc-schengenrs\back-end_tcc_schengers-api\app\Mail\ResetPasswordMail.php", "PHP", 0, 0, 36, 0, 0, 0, 0, 9, 45
"c:\Users\Usuario\Desktop\tcc-schengenrs\back-end_tcc_schengers-api\app\Mail\SendEmailTeacherApproved.php", "PHP", 0, 0, 35, 0, 0, 0, 0, 8, 43
"c:\Users\Usuario\Desktop\tcc-schengenrs\back-end_tcc_schengers-api\app\Models\ActivityCourse.php", "PHP", 0, 0, 42, 0, 0, 0, 2, 13, 57
"c:\Users\Usuario\Desktop\tcc-schengenrs\back-end_tcc_schengers-api\app\Models\ActivityProgress.php", "PHP", 0, 0, 21, 0, 0, 0, 2, 8, 31
"c:\Users\Usuario\Desktop\tcc-schengenrs\back-end_tcc_schengers-api\app\Models\AlternativeActivityCourse.php", "PHP", 0, 0, 23, 0, 0, 0, 1, 11, 35
"c:\Users\Usuario\Desktop\tcc-schengenrs\back-end_tcc_schengers-api\app\Models\Area.php", "PHP", 0, 0, 26, 0, 0, 0, 1, 11, 38
"c:\Users\Usuario\Desktop\tcc-schengenrs\back-end_tcc_schengers-api\app\Models\ClassCourse.php", "PHP", 0, 0, 40, 0, 0, 0, 2, 14, 56
"c:\Users\Usuario\Desktop\tcc-schengenrs\back-end_tcc_schengers-api\app\Models\Course.php", "PHP", 0, 0, 78, 0, 0, 0, 1, 20, 99
"c:\Users\Usuario\Desktop\tcc-schengenrs\back-end_tcc_schengers-api\app\Models\Curriculum.php", "PHP", 0, 0, 50, 0, 0, 0, 1, 12, 63
"c:\Users\Usuario\Desktop\tcc-schengenrs\back-end_tcc_schengers-api\app\Models\LessonProgress.php", "PHP", 0, 0, 21, 0, 0, 0, 2, 8, 31
"c:\Users\Usuario\Desktop\tcc-schengenrs\back-end_tcc_schengers-api\app\Models\StudentAnswer.php", "PHP", 0, 0, 8, 0, 0, 0, 1, 4, 13
"c:\Users\Usuario\Desktop\tcc-schengenrs\back-end_tcc_schengers-api\app\Models\StudyPlan.php", "PHP", 0, 0, 18, 0, 0, 0, 1, 7, 26
"c:\Users\Usuario\Desktop\tcc-schengenrs\back-end_tcc_schengers-api\app\Models\Teacher.php", "PHP", 0, 0, 25, 0, 0, 0, 0, 8, 33
"c:\Users\Usuario\Desktop\tcc-schengenrs\back-end_tcc_schengers-api\app\Models\User.php", "PHP", 0, 0, 41, 0, 0, 0, 17, 16, 74
"c:\Users\Usuario\Desktop\tcc-schengenrs\back-end_tcc_schengers-api\app\Models\Vacancy.php", "PHP", 0, 0, 45, 0, 0, 0, 1, 16, 62
"c:\Users\Usuario\Desktop\tcc-schengenrs\back-end_tcc_schengers-api\app\Providers\AppServiceProvider.php", "PHP", 0, 0, 20, 0, 0, 0, 7, 5, 32
"c:\Users\Usuario\Desktop\tcc-schengenrs\back-end_tcc_schengers-api\bootstrap\app.php", "PHP", 0, 0, 38, 0, 0, 0, 1, 11, 50
"c:\Users\Usuario\Desktop\tcc-schengenrs\back-end_tcc_schengers-api\bootstrap\providers.php", "PHP", 0, 0, 4, 0, 0, 0, 0, 2, 6
"c:\Users\Usuario\Desktop\tcc-schengenrs\back-end_tcc_schengers-api\composer.json", "JSON", 88, 0, 0, 0, 0, 0, 0, 1, 89
"c:\Users\Usuario\Desktop\tcc-schengenrs\back-end_tcc_schengers-api\composer.lock", "JSON", 8475, 0, 0, 0, 0, 0, 0, 1, 8476
"c:\Users\Usuario\Desktop\tcc-schengenrs\back-end_tcc_schengers-api\config\app.php", "PHP", 0, 0, 22, 0, 0, 0, 82, 23, 127
"c:\Users\Usuario\Desktop\tcc-schengenrs\back-end_tcc_schengers-api\config\auth.php", "PHP", 0, 0, 42, 0, 0, 0, 74, 16, 132
"c:\Users\Usuario\Desktop\tcc-schengenrs\back-end_tcc_schengers-api\config\cache.php", "PHP", 0, 0, 64, 0, 0, 0, 35, 19, 118
"c:\Users\Usuario\Desktop\tcc-schengenrs\back-end_tcc_schengers-api\config\cors.php", "PHP", 0, 0, 11, 0, 0, 0, 0, 9, 20
"c:\Users\Usuario\Desktop\tcc-schengenrs\back-end_tcc_schengers-api\config\database.php", "PHP", 0, 0, 118, 0, 0, 0, 43, 23, 184
"c:\Users\Usuario\Desktop\tcc-schengenrs\back-end_tcc_schengers-api\config\filesystems.php", "PHP", 0, 0, 36, 0, 0, 0, 32, 13, 81
"c:\Users\Usuario\Desktop\tcc-schengenrs\back-end_tcc_schengers-api\config\logging.php", "PHP", 0, 0, 79, 0, 0, 0, 33, 21, 133
"c:\Users\Usuario\Desktop\tcc-schengenrs\back-end_tcc_schengers-api\config\mail.php", "PHP", 0, 0, 57, 0, 0, 0, 43, 19, 119
"c:\Users\Usuario\Desktop\tcc-schengenrs\back-end_tcc_schengers-api\config\queue.php", "PHP", 0, 0, 65, 0, 0, 0, 45, 20, 130
"c:\Users\Usuario\Desktop\tcc-schengenrs\back-end_tcc_schengers-api\config\sanctum.php", "PHP", 0, 0, 17, 0, 0, 0, 54, 14, 85
"c:\Users\Usuario\Desktop\tcc-schengenrs\back-end_tcc_schengers-api\config\services.php", "PHP", 0, 0, 23, 0, 0, 0, 11, 9, 43
"c:\Users\Usuario\Desktop\tcc-schengenrs\back-end_tcc_schengers-api\config\session.php", "PHP", 0, 0, 23, 0, 0, 0, 160, 35, 218
"c:\Users\Usuario\Desktop\tcc-schengenrs\back-end_tcc_schengers-api\database\factories\TeacherFactory.php", "PHP", 0, 0, 13, 0, 0, 0, 0, 6, 19
"c:\Users\Usuario\Desktop\tcc-schengenrs\back-end_tcc_schengers-api\database\factories\UserFactory.php", "PHP", 0, 0, 25, 0, 0, 0, 14, 6, 45
"c:\Users\Usuario\Desktop\tcc-schengenrs\back-end_tcc_schengers-api\database\migrations\00000_02_02_141609_create_teachers_table.php", "PHP", 0, 0, 29, 0, 0, 0, 6, 10, 45
"c:\Users\Usuario\Desktop\tcc-schengenrs\back-end_tcc_schengers-api\database\migrations\0000_01_01_130349_create_areas_table.php", "PHP", 0, 0, 21, 0, 0, 0, 6, 4, 31
"c:\Users\Usuario\Desktop\tcc-schengenrs\back-end_tcc_schengers-api\database\migrations\0001_01_01_000000_create_users_table.php", "PHP", 0, 0, 41, 0, 0, 0, 6, 8, 55
"c:\Users\Usuario\Desktop\tcc-schengenrs\back-end_tcc_schengers-api\database\migrations\0001_01_01_000001_create_cache_table.php", "PHP", 0, 0, 25, 0, 0, 0, 6, 5, 36
"c:\Users\Usuario\Desktop\tcc-schengenrs\back-end_tcc_schengers-api\database\migrations\0001_01_01_000002_create_jobs_table.php", "PHP", 0, 0, 46, 0, 0, 0, 6, 6, 58
"c:\Users\Usuario\Desktop\tcc-schengenrs\back-end_tcc_schengers-api\database\migrations\0006_02_02_125057_create_courses_table.php", "PHP", 0, 0, 30, 0, 0, 0, 6, 6, 42
"c:\Users\Usuario\Desktop\tcc-schengenrs\back-end_tcc_schengers-api\database\migrations\2026_02_01_152547_create_personal_access_tokens_table.php", "PHP", 0, 0, 24, 0, 0, 0, 6, 4, 34
"c:\Users\Usuario\Desktop\tcc-schengenrs\back-end_tcc_schengers-api\database\migrations\2026_02_02_234014_create_activity_table.php", "PHP", 0, 0, 28, 0, 0, 0, 6, 7, 41
"c:\Users\Usuario\Desktop\tcc-schengenrs\back-end_tcc_schengers-api\database\migrations\2026_02_02_234037_create_class_table.php", "PHP", 0, 0, 29, 0, 0, 0, 6, 4, 39
"c:\Users\Usuario\Desktop\tcc-schengenrs\back-end_tcc_schengers-api\database\migrations\2026_02_02_235023_create_alternative_table.php", "PHP", 0, 0, 21, 0, 0, 0, 6, 4, 31
"c:\Users\Usuario\Desktop\tcc-schengenrs\back-end_tcc_schengers-api\database\migrations\2026_02_03_123452_create_vacancy_table.php", "PHP", 0, 0, 27, 0, 0, 0, 6, 4, 37
"c:\Users\Usuario\Desktop\tcc-schengenrs\back-end_tcc_schengers-api\database\migrations\2026_02_03_125623_create_curriculum_table.php", "PHP", 0, 0, 46, 0, 0, 0, 6, 9, 61
"c:\Users\Usuario\Desktop\tcc-schengenrs\back-end_tcc_schengers-api\database\migrations\2026_02_03_141054_create_student-course_relation-table.php", "PHP", 0, 0, 22, 0, 0, 0, 7, 4, 33
"c:\Users\Usuario\Desktop\tcc-schengenrs\back-end_tcc_schengers-api\database\migrations\2026_03_08_005337_tb_study_plans.php", "PHP", 0, 0, 22, 0, 0, 0, 8, 4, 34
"c:\Users\Usuario\Desktop\tcc-schengenrs\back-end_tcc_schengers-api\database\migrations\2026_03_10_000447_tb_student_answers.php", "PHP", 0, 0, 26, 0, 0, 0, 8, 8, 42
"c:\Users\Usuario\Desktop\tcc-schengenrs\back-end_tcc_schengers-api\database\migrations\2026_03_31_001700_tb_lesson_completed.php", "PHP", 0, 0, 24, 0, 0, 0, 7, 9, 40
"c:\Users\Usuario\Desktop\tcc-schengenrs\back-end_tcc_schengers-api\database\migrations\2026_04_11_122239_tb_activity_progress.php", "PHP", 0, 0, 23, 0, 0, 0, 7, 10, 40
"c:\Users\Usuario\Desktop\tcc-schengenrs\back-end_tcc_schengers-api\database\migrations\2026_04_14_225613_tb_password_resets.php", "PHP", 0, 0, 20, 0, 0, 0, 7, 4, 31
"c:\Users\Usuario\Desktop\tcc-schengenrs\back-end_tcc_schengers-api\database\seeders\ActivitySeeder.php", "PHP", 0, 0, 63, 0, 0, 0, 0, 4, 67
"c:\Users\Usuario\Desktop\tcc-schengenrs\back-end_tcc_schengers-api\database\seeders\AlternativeSeeder.php", "PHP", 0, 0, 39, 0, 0, 0, 0, 5, 44
"c:\Users\Usuario\Desktop\tcc-schengenrs\back-end_tcc_schengers-api\database\seeders\AreasSeeder.php", "PHP", 0, 0, 43, 0, 0, 0, 3, 8, 54
"c:\Users\Usuario\Desktop\tcc-schengenrs\back-end_tcc_schengers-api\database\seeders\ClassCourseSeeder.php", "PHP", 0, 0, 25, 0, 0, 0, 0, 6, 31
"c:\Users\Usuario\Desktop\tcc-schengenrs\back-end_tcc_schengers-api\database\seeders\CourseSeeder.php", "PHP", 0, 0, 78, 0, 0, 0, 0, 4, 82
"c:\Users\Usuario\Desktop\tcc-schengenrs\back-end_tcc_schengers-api\database\seeders\DatabaseSeeder.php", "PHP", 0, 0, 23, 0, 0, 0, 3, 11, 37
"c:\Users\Usuario\Desktop\tcc-schengenrs\back-end_tcc_schengers-api\database\seeders\Persons.php", "PHP", 0, 0, 52, 0, 0, 0, 4, 8, 64
"c:\Users\Usuario\Desktop\tcc-schengenrs\back-end_tcc_schengers-api\database\seeders\StudyPlanSeeder.php", "PHP", 0, 0, 57, 0, 0, 0, 0, 4, 61
"c:\Users\Usuario\Desktop\tcc-schengenrs\back-end_tcc_schengers-api\database\seeders\VacancySeeder.php", "PHP", 0, 0, 84, 0, 0, 0, 0, 5, 89
"c:\Users\Usuario\Desktop\tcc-schengenrs\back-end_tcc_schengers-api\lang\en\auth.php", "PHP", 0, 0, 6, 0, 0, 0, 10, 5, 21
"c:\Users\Usuario\Desktop\tcc-schengenrs\back-end_tcc_schengers-api\lang\en\pagination.php", "PHP", 0, 0, 5, 0, 0, 0, 10, 5, 20
"c:\Users\Usuario\Desktop\tcc-schengenrs\back-end_tcc_schengers-api\lang\en\passwords.php", "PHP", 0, 0, 8, 0, 0, 0, 10, 5, 23
"c:\Users\Usuario\Desktop\tcc-schengenrs\back-end_tcc_schengers-api\lang\en\validation.php", "PHP", 0, 0, 162, 0, 0, 0, 30, 9, 201
"c:\Users\Usuario\Desktop\tcc-schengenrs\back-end_tcc_schengers-api\lang\pt-BR\validation.php", "PHP", 0, 0, 76, 0, 0, 0, 0, 4, 80
"c:\Users\Usuario\Desktop\tcc-schengenrs\back-end_tcc_schengers-api\package.json", "JSON", 17, 0, 0, 0, 0, 0, 0, 1, 18
"c:\Users\Usuario\Desktop\tcc-schengenrs\back-end_tcc_schengers-api\phpunit.xml", "XML", 0, 35, 0, 0, 0, 0, 0, 1, 36
"c:\Users\Usuario\Desktop\tcc-schengenrs\back-end_tcc_schengers-api\public\index.php", "PHP", 0, 0, 10, 0, 0, 0, 4, 7, 21
"c:\Users\Usuario\Desktop\tcc-schengenrs\back-end_tcc_schengers-api\resources\css\app.css", "CSS", 0, 0, 0, 0, 9, 0, 0, 3, 12
"c:\Users\Usuario\Desktop\tcc-schengenrs\back-end_tcc_schengers-api\resources\js\app.js", "JavaScript", 0, 0, 0, 1, 0, 0, 0, 1, 2
"c:\Users\Usuario\Desktop\tcc-schengenrs\back-end_tcc_schengers-api\resources\js\bootstrap.js", "JavaScript", 0, 0, 0, 3, 0, 0, 0, 2, 5
"c:\Users\Usuario\Desktop\tcc-schengenrs\back-end_tcc_schengers-api\resources\views\emails\reset-password.blade.php", "PHP", 0, 0, 42, 0, 0, 0, 0, 8, 50
"c:\Users\Usuario\Desktop\tcc-schengenrs\back-end_tcc_schengers-api\resources\views\emails\teacher_approved.blade.php", "PHP", 0, 0, 67, 0, 0, 0, 0, 14, 81
"c:\Users\Usuario\Desktop\tcc-schengenrs\back-end_tcc_schengers-api\routes\api.php", "PHP", 0, 0, 116, 0, 0, 0, 1, 47, 164
"c:\Users\Usuario\Desktop\tcc-schengenrs\back-end_tcc_schengers-api\routes\console.php", "PHP", 0, 0, 6, 0, 0, 0, 0, 3, 9
"c:\Users\Usuario\Desktop\tcc-schengenrs\back-end_tcc_schengers-api\routes\web.php", "PHP", 0, 0, 10, 0, 0, 0, 0, 4, 14
"c:\Users\Usuario\Desktop\tcc-schengenrs\back-end_tcc_schengers-api\tests\Feature\ExampleTest.php", "PHP", 0, 0, 11, 0, 0, 0, 4, 5, 20
"c:\Users\Usuario\Desktop\tcc-schengenrs\back-end_tcc_schengers-api\tests\TestCase.php", "PHP", 0, 0, 6, 0, 0, 0, 1, 4, 11
"c:\Users\Usuario\Desktop\tcc-schengenrs\back-end_tcc_schengers-api\tests\Unit\ExampleTest.php", "PHP", 0, 0, 10, 0, 0, 0, 3, 4, 17
"c:\Users\Usuario\Desktop\tcc-schengenrs\back-end_tcc_schengers-api\vite.config.js", "JavaScript", 0, 0, 0, 17, 0, 0, 0, 2, 19
"Total", "-", 8580, 35, 4491, 21, 9, 39, 1062, 1265, 15502